12;77
99;697
843;847
316;66
845;331
557;278
734;736
750;752
166;175
507;517
694;688
328;328
881;791
163;158
840;996
160;200
468;157
298;31
316;816
249;108
690;438
805;151
107;59
481;477
115;99
640;920
0;93
641;504
535;674
470;345
751;880
203;16
423;739
341;500
428;209
343;273
867;871
14;62
486;447
712;80
419;384
662;756
582;84
237;279
529;731
21;257
320;251
405;154
670;435
13;126
956;878
554;40
722;699
20;4
2;2
78;112
442;381
542;31
840;980
291;557
710;489
10;6
616;522
510;526
31;533
575;514
70;821
215;209
356;180
764;6
832;522
26;276
564;595
32;2
598;910
823;502
474;491
2;128
829;62
850;988
249;714
105;101
254;4
330;68
582;109
14;19
194;150
684;553
906;384
707;1
289;306
598;723
500;509
609;593
682;707
60;793
387;141
158;408
567;614
845;985
525;884
222;468
191;707
218;172
53;224
25;153
116;146
141;203
532;661
297;800
930;699
575;622
575;74
965;875
691;411
525;524
139;107
453;501
314;617
398;471
300;368
199;161
62;851
703;149
531;531
642;677
317;842
349;473
14;108
742;211
268;252
21;582
556;518
336;203
135;636
127;127
853;845
56;56
512;586
938;519
137;137
39;166
250;844
878;782
571;255
489;489
531;125
759;566
257;568
196;312
97;645
98;99
1;505
41;656
233;60
817;821
132;142
650;517
109;555
795;4
630;221
268;391
659;555
434;802
2;141
453;391
516;627
43;106
547;555
288;85
2;0
250;509
375;519
187;16
524;500
161;159
625;689
502;253
63;62
24;28
211;211
325;71
72;66
517;596
347;325
123;524
734;164
703;687
399;149
520;552
508;524
329;812
505;63
518;506
12;289
70;153
446;969
945;937
143;235
361;928
947;833
541;546
769;516
718;593
510;72
828;859
333;269
261;151
246;536
169;545
50;31
323;282
7;32
501;517
756;506
94;680
12;77
187;125
285;307
25;306
194;802
84;375
277;525
572;128
229;228
218;343
78;207
432;808
49;787
484;160
168;53
141;218
381;762
776;780
250;254
352;94
114;93
883;906
225;1
627;611
980;972
247;234
532;875
141;676
222;99
699;861
817;442
807;281
782;266
259;753
768;397
129;59
36;67
338;929
0;255
218;443
807;297
135;889
609;174
102;107
70;189
250;375
323;34
449;442
386;638
48;34
70;35
62;593
906;156
502;500
297;298
90;33
836;572
579;844
84;84
812;336
384;392
278;903
447;135
754;520
767;502
626;626
492;442
887;746
523;615
304;37
446;101
649;631
969;418
82;911
487;53
203;736
160;160
375;376
145;395
25;277
391;501
549;546
670;170
877;689
814;284
937;477
54;35
484;500
992;484
648;23
629;412
609;677
704;16
165;165
659;626
149;24
266;271
904;903
230;988
21;83
955;447
953;289
916;769
551;774
147;125
678;736
778;887
642;774
67;383
440;123
49;268
322;768
868;594
437;753
678;986
187;359
466;324
572;581
267;33
511;577
584;270
73;571
313;285
754;12
437;562
918;934
639;636
994;217
202;146
958;954
727;690
70;509
166;402
399;155
640;119
145;657
377;430
148;396
191;70
459;984
812;766
27;269
611;678
674;932
765;921
535;545
19;517
385;26
148;19
157;302
113;301
10;562
861;862
10;687
38;803
258;2
926;802
630;1
677;52
875;766
238;51
250;305
6;14
500;516
375;886
26;510
606;97
76;74
14;522
627;500
651;389
753;769
683;681
288;784
262;262
47;51
861;611
25;101
675;622
684;639
813;585
753;767
580;689
730;660
414;164
782;798
270;256
135;593
816;566
169;906
662;678
672;660
478;531
93;125
2;314
209;131
51;36
375;437
127;512
512;772
515;624
84;580
713;588
8;510
33;12
673;641
86;340
976;438
17;548
0;813
254;512
594;67
391;399
0;30
256;253
949;824
257;81
100;325
405;217
710;580
21;319
967;697
123;96
262;780
549;500
556;206
391;433
183;93
141;203
859;866
586;377
148;647
129;78
6;128
152;93
166;166
356;0
609;578
649;275
64;127
14;631
118;363
920;639
501;751
949;941
316;613
784;760
117;166
600;814
576;762
111;459
913;925
695;697
611;581
820;322
973;677
590;209
82;91
552;674
143;343
982;999
770;5
876;969
329;110
191;738
64;259
524;90
510;698
479;478
168;164
375;380
580;49
35;673
394;146
77;42
220;8
12;39
55;502
399;949
790;902
24;42
271;888
305;250
267;485
545;546
4;8
601;602
845;539
425;366
8;4
656;516
540;40
157;400
465;82
281;635
362;104
127;162
613;619
145;149
406;947
254;397
564;110
255;501
794;810
633;664
661;630
314;62
579;331
626;524
8;0
610;83
595;533
936;936
393;41
9;9
118;102
500;820
63;377
912;970
453;876
144;19
996;494
763;625
277;26
16;159
306;299
315;32
369;119
424;683
166;167
526;268
111;85
950;963
72;510
449;626
683;162
0;141
129;562
225;195
954;925
876;907
200;7
799;425
133;4
14;70
399;806
192;4
735;804
160;684
462;117
262;59
548;675
37;37
908;887
16;141
438;191
93;47
984;976
940;629
20;426
94;348
650;673
624;15
166;762
203;57
312;826
893;4
271;892
927;162
758;906
271;302
135;168
453;375
126;129
904;382
892;833
718;316
359;343
568;615
504;670
265;52
199;195
506;507
397;903
81;534
37;660
137;260
138;160
498;364
555;555
879;875
512;888
937;575
34;760
908;910
252;409
781;535
62;252
797;47
6;148
512;43
71;571
293;789
959;717
479;511
526;533
53;422
793;435
672;659
565;603
443;648
521;517
6;37
402;706
414;448
867;472
500;502
533;537
97;851
117;351
219;609
726;633
16;211
131;14
374;579
294;59
586;524
278;154
322;935
633;644
57;22
319;191
548;517
117;117
550;162
141;147
902;454
397;457
862;618
588;811
376;500
402;455
678;746
510;886
617;617
16;172
152;269
1;634
194;103
976;617
405;889
230;984
344;325
252;307
3;128
391;1
572;601
847;972
97;100
302;222
578;107
895;875
834;336
62;88
59;164
290;416
251;751
754;927
0;4
701;949
21;752
895;875
912;791
147;141
563;533
169;127
270;47
848;699
282;469
395;392
815;783
9;71
161;644
8;504
306;930
861;775
250;284
502;257
566;617
401;189
557;617
777;639
3;198
817;134
691;639
941;875
850;825
93;443
171;170
28;16
74;449
646;772
109;113
335;76
629;410
344;286
125;158
443;4
468;93
5;270
149;492
452;202
790;759
303;280
504;0
430;383
189;31
774;514
719;633
618;530
852;539
681;652
332;550
923;431
817;302
988;801
31;629
13;86
332;832
314;843
122;719
203;328
499;248
41;502
188;142
156;8
838;30
901;760
128;126
31;35
467;281
282;344
526;561
323;289
86;20
162;235
781;789
488;465
64;174
63;31
625;823
78;95
949;566
394;404
181;126
129;818
232;228
533;593
603;57
157;298
67;362
633;653
921;788
464;128
307;57
437;422
51;20
540;509
337;477
405;385
173;281
660;907
775;770
658;501
707;203
932;683
215;599
330;64
533;152
750;756
566;584
164;67
250;93
936;265
276;777
412;414
766;551
522;18
800;800
184;51
160;129
949;197
824;651
488;393
758;887
288;271
688;657
641;629
6;197
24;152
215;72
731;380
521;630
527;510
698;711
487;422
688;532
35;115
893;278
574;601
330;768
125;1
597;794
185;113
784;421
559;684
16;266
75;122
125;218
451;470
449;437
550;31
291;407
31;786
315;372
106;105
189;69
321;63
585;84
987;704
432;48
751;278
220;722
194;506
31;672
36;170
604;134
194;232
619;651
994;869
848;434
39;31
37;531
502;7
540;21
803;22
841;820
270;279
299;349
990;597
189;326
326;88
509;539
928;537
806;884
340;278
875;937
542;525
500;593
109;119
237;909
230;168
745;425
251;793
282;843
539;8
789;794
376;752
197;842
821;24
812;751
437;214
532;505
485;923
71;212
76;62
176;780
208;705
508;578
535;33
613;720
149;718
12;381
279;774
514;510
938;462
353;976
119;88
375;457
311;935
65;225
328;62
78;117
358;481
897;130
509;771
578;615
511;503
597;102
782;798
107;858
17;215
164;139
336;78
51;51
384;828
101;189
324;259
984;465
990;830
662;943
29;411
127;20
639;633
261;263
530;553
835;773
68;443
369;326
856;258
635;635
581;897
38;138
626;383
389;416
855;844
601;102
129;4
374;339
437;627
578;644
522;153
118;282
309;496
754;879
256;383
284;977
742;746
409;253
540;59
322;322
284;850
156;659
605;29
657;907
525;525
379;154
141;204
417;284
125;254
563;551
327;314
893;659
63;8
42;59
284;415
312;312
845;349
117;320
21;19
903;653
3;128
534;546
350;333
443;448
48;9
514;205
52;67
733;689
64;2
71;346
320;262
308;811
230;468
762;755
63;75
685;648
869;409
208;441
314;750
522;653
891;395
3;41
31;359
380;356
439;384
261;308
405;651
82;613
63;64
977;989
891;879
573;345
736;395
96;754
166;161
642;953
817;817
211;74
978;851
139;44
684;649
31;1
6;6
273;427
256;10
65;353
637;39
953;895
522;522
547;645
965;514
298;477
282;329
158;181
751;517
691;156
282;812
38;65
752;423
552;614
519;89
127;18
675;667
460;442
429;271
640;171
111;90
619;541
633;644
328;267
337;83
27;261
772;709
892;794
206;94
128;3
80;88
46;13
993;986
317;254
47;35
349;139
822;814
252;322
240;207
336;370
196;339
129;449
574;566
191;131
603;594
31;285
491;168
133;73
295;348
271;305
45;511
778;508
67;567
263;569
667;635
774;521
497;473
612;579
38;161
70;70
946;884
282;593
391;379
638;663
67;67
635;697
740;741
809;43
289;532
289;539
467;35
575;906
555;555
359;10
879;506
549;549
505;973
93;98
112;111
641;510
315;398
105;107
779;258
121;617
409;308
39;274
534;627
695;570
566;505
264;254
71;525
250;255
183;127
592;42
541;619
15;31
469;492
546;783
517;800
821;812
506;600
769;799
378;878
127;687
352;110
169;915
701;17
173;173
536;788
265;6
655;828
468;93
937;625
462;446
159;225
688;688
4;160
39;41
508;722
126;171
558;118
22;262
695;824
43;699
225;12
538;38
11;9
156;24
472;397
86;134
16;625
151;383
266;283
502;664
170;355
203;135
906;945
74;97
419;416
311;370
191;137
411;163
790;275
768;449
82;78
262;762
704;643
193;194
537;121
253;200
64;447
377;127
251;961
230;198
20;24
771;767
200;710
427;113
63;942
736;564
840;582
49;45
385;381
13;868
269;456
584;953
137;562
534;595
687;695
86;89
627;694
260;2
264;825
265;409
250;299
301;250
781;797
424;547
2;627
899;992
922;906
268;502
310;290
332;91
450;227
143;16
544;512
530;573
15;15
208;67
55;532
300;266
812;766
93;0
484;556
914;564
55;58
31;246
441;703
256;750
293;449
10;11
25;27
801;794
274;10
31;161
262;283
56;47
452;437
29;27
514;116
295;287
598;563
637;512
105;111
83;521
140;132
992;777
572;527
1;16
406;691
363;267
510;545
74;199
379;258
601;597
829;521
632;27
128;3
259;64
234;187
446;447
507;631
359;297
37;22
66;313
329;575
291;274
411;161
427;544
345;345
578;456
131;10
512;512
528;605
67;876
63;767
528;637
658;660
375;258
520;673
753;768
118;525
962;705
23;289
219;446
99;131
593;566
149;8
940;448
875;268
20;66
511;96
787;796
270;318
237;470
106;44
293;701
517;610
184;492
912;256
494;679
438;143
253;300
588;72
554;683
63;703
215;715
488;468
708;989
508;591
305;24
929;378
377;135
620;602
638;638
824;531
149;696
509;539
969;848
256;159
831;456
127;15
945;875
950;696
303;846
0;568
531;500
738;718
283;311
316;31
631;763
165;243
79;578
943;385
525;280
538;595
798;807
4;26
268;2
732;668
641;246
72;16
376;781
205;197
566;20
588;119
924;891
289;427
536;264
377;297
658;662
789;97
991;380
696;634
211;996
522;179
587;654
815;938
849;814
70;258
528;28
97;598
522;272
281;845
780;523
21;12
151;226
36;5
262;509
531;9
755;973
434;788
22;4
544;238
135;156
969;848
324;355
739;567
273;397
754;763
702;279
906;309
763;919
14;202
929;777
397;268
767;993
125;0
57;260
416;408
425;394
251;407
156;391
688;231
260;135
235;989
273;315
535;593
217;68
31;910
47;64
130;446
823;634
615;537
159;198
630;5
942;69
90;22
81;81
517;3
289;301
806;509
219;156
523;536
306;279
526;127
149;395
197;453
646;630
173;212
154;114
875;455
64;47
793;291
141;81
274;750
24;525
846;594
968;469
200;716
777;714
760;752
218;24
250;284
722;537
85;7
936;528
509;32
81;80
665;727
665;995
915;468
856;763
501;673
511;515
8;6
117;122
373;445
6;3
137;324
555;20
562;722
272;60
535;37
79;203
543;289
463;152
950;854
133;0
701;696
17;969
760;502
828;814
252;9
556;530
285;406
719;479
119;93
877;814
213;89
177;128
75;4
770;766
712;386
90;404
569;7
285;347
757;882
633;138
420;436
440;939
563;798
763;302
283;946
848;345
843;434
776;820
563;144
342;6
656;672
410;270
714;521
97;605
298;829
558;675
316;504
752;501
214;317
582;86
274;834
199;74
276;88
526;507
736;453
330;78
383;400
31;574
694;229
418;393
832;703
82;551
194;880
118;106
8;1
262;260
806;287
24;517
191;173
393;518
119;74
17;4
261;505
533;783
16;16
887;211
351;844
61;166
423;293
9;9
298;0
386;386
793;660
436;931
200;45
502;385
600;538
1;520
526;774
359;300
97;602
570;687
10;978
806;906
684;56
577;108
500;500
42;46
437;466
764;818
544;4
286;289
664;282
437;947
172;911
327;279
109;82
517;552
495;321
430;55
31;343
212;214
284;604
275;808
95;2
422;158
77;746
338;815
221;218
787;359
37;506
631;505
658;357
736;674
55;16
97;4
37;5
860;554
13;9
786;513
55;297
635;732
538;308
141;883
128;267
258;759
119;30
604;3
770;570
799;877
994;745
642;642
567;579
303;331
19;565
545;37
506;828
799;257
233;720
859;851
849;849
735;612
887;778
80;568
922;673
516;47
79;79
574;605
509;922
663;68
988;751
159;38
99;621
262;293
539;555
630;531
759;760
407;423
815;344
61;533
422;133
664;649
281;35
501;275
734;305
250;406
500;500
543;586
628;626
678;526
176;43
2;769
513;60
126;407
109;245
310;762
538;600
816;359
908;158
59;47
511;511
504;526
778;787
516;517
323;73
18;909
754;770
31;40
406;148
515;583
18;50
591;325
379;506
32;48
724;730
135;199
127;136
543;530
815;628
33;531
172;795
605;231
379;256
16;137
507;698
106;231
70;251
501;563
510;10
635;49
455;375
639;139
397;415
613;522
387;4
111;62
562;144
562;187
518;586
781;101
657;531
778;780
325;481
70;69
814;787
399;258
608;293
272;51
204;344
789;35
19;504
703;629
688;766
47;8
268;15
73;417
980;820
222;97
664;32
440;819
577;214
645;738
57;72
303;387
845;531
57;428
278;652
427;319
289;914
566;568
504;258
20;18
665;650
293;44
513;532
828;394
141;393
3;503
281;297
876;501
640;640
293;730
254;131
385;281
552;832
90;204
564;564
538;770
512;686
344;31
243;307
159;136
754;504
129;130
813;343
146;150
283;857
705;203
57;353
846;581
876;376
265;312
510;2
785;129
12;100
235;52
101;70
590;816
321;937
566;500
251;790
568;502
254;315
126;251
815;49
128;159
732;570
752;814
213;518
142;508
931;937
78;36
663;589
132;159
8;260
405;8
566;67
629;507
32;731
566;570
629;219
700;501
316;109
584;372
811;639
254;559
639;818
481;21
851;359
75;250
764;65
118;758
188;127
64;441
17;505
231;171
462;840
918;919
634;509
258;78
10;752
139;43
76;287
976;192
59;121
347;239
721;731
269;27
384;207
838;593
18;93
4;262
631;690
807;750
233;229
853;541
430;244
295;455
169;171
559;547
986;891
436;431
399;501
11;24
984;423
167;156
199;125
766;267
68;22
261;761
320;260
131;205
938;605
691;137
1;4
85;6
559;320
692;625
147;131
250;625
693;973
440;444
160;96
66;4
287;357
336;90
382;882
657;422
349;31
584;565
602;541
92;82
375;126
949;920
343;88
255;755
298;380
62;127
236;84
253;345
629;506
828;861
650;904
462;331
354;345
10;502
199;198
526;674
501;16
596;753
887;774
131;37
385;353
130;817
566;583
821;876
969;626
866;596
93;593
455;152
514;631
205;974
633;156
93;343
820;949
43;684
439;252
649;622
99;443
128;157
537;593
64;252
782;367
36;254
250;375
502;501
613;572
296;907
343;224
68;106
592;847
263;340
843;607
644;132
854;556
551;524
200;192
739;749
389;113
42;140
968;263
16;176
56;419
453;484
723;590
211;214
0;50
884;638
571;564
157;156
297;406
116;97
472;704
62;752
468;755
55;8
47;37
575;941
164;243
363;113
929;287
79;758
19;612
787;99
8;137
39;70
876;689
478;282
820;941
613;95
829;208
166;187
623;669
852;977
255;257
315;819
411;55
109;160
267;403
650;134
140;147
823;106
160;160
289;816
337;329
812;781
763;896
244;64
410;906
29;79
61;311
101;218
64;608
637;184
383;432
691;189
169;407
168;289
320;570
15;506
451;137
320;259
48;104
29;263
564;283
687;93
189;158
376;407
4;43
31;883
70;184
64;64
761;761
622;28
26;40
130;77
306;995
125;172
902;772
547;553
684;117
568;347
61;498
128;130
648;904
317;444
599;799
267;267
510;506
312;579
739;707
195;196
253;757
233;97
64;84
130;381
34;532
500;516
724;991
632;515
29;245
678;522
515;511
16;16
609;111
441;380
117;195
330;49
799;547
847;825
522;528
586;309
10;338
254;379
228;191
312;820
172;430
924;359
518;697
135;383
24;16
627;676
594;48
0;570
355;97
17;67
764;295
180;414
58;652
539;525
534;662
500;578
46;38
43;649
334;330
459;467
495;393
461;392
766;508
766;875
448;462
768;838
660;412
59;192
421;429
638;219
34;3
55;211
194;628
814;682
319;797
656;664
8;8
37;295
194;625
175;18
236;845
126;785
83;89
706;650
388;650
119;85
4;535
261;514
25;266
293;35
162;41
895;462
36;20
132;640
885;250
0;750
167;266
46;8
338;814
880;694
49;26
79;250
133;320
437;375
457;191
79;255
962;950
910;793
125;0
340;336
56;32
695;813
260;384
525;71
8;10
223;188
620;589
938;332
991;332
783;303
158;752
895;254
646;146
726;195
22;18
514;195
364;196
643;648
156;29
906;886
676;525
634;627
26;66
377;158
144;297
857;295
511;852
1;3
215;133
141;150
532;532
136;214
87;869
750;781
406;901
379;567
63;141
55;391
125;383
167;640
127;148
339;354
381;285
379;21
903;30
347;375
902;964
317;62
420;415
570;204
329;94
293;86
128;68
772;760
468;47
133;375
293;786
283;956
8;25
456;330
852;370
375;468
877;657
798;770
32;1
475;188
922;484
0;8
176;145
437;351
859;845
595;502
789;289
406;404
799;831
34;534
592;43
762;524
789;783
79;207
164;445
469;703
910;787
286;23
126;70
501;594
441;437
633;514
282;344
87;111
676;553
31;156
635;828
939;143
937;751
386;150
285;35
504;250
403;146
218;224
613;645
105;605
114;218
4;225
732;529
941;961
586;71
599;600
173;203
504;225
664;667
403;155
812;695
230;475
269;81
16;31
853;43
881;254
152;144
613;593
80;439
485;362
559;871
758;284
70;555
63;17
302;646
195;134
268;223
35;639
668;50
723;927
651;721
308;419
607;621
266;316
359;849
251;13
277;779
37;218
555;656
751;771
221;93
864;363
753;7
257;129
627;635
375;159
606;87
628;144
72;439
655;638
375;406
406;890
550;558
176;645
761;752
617;562
10;500
16;272
549;283
750;750
367;548
294;762
535;31
304;279
712;886
382;265
734;504
116;179
503;160
250;250
812;25
556;810
10;15
157;407
843;337
799;305
797;797
142;2
292;444
16;266
973;489
12;192
508;836
669;43
179;84
88;111
500;324
157;0
259;510
160;691
600;536
428;369
251;626
167;292
154;150
33;4
50;606
359;371
797;611
758;500
637;387
533;534
913;632
467;632
657;595
893;30
56;16
906;35
122;28
547;47
449;330
378;187
438;379
66;570
312;333
450;712
192;188
332;566
319;265
89;336
504;513
830;597
684;832
266;482
863;809
832;352
453;440
517;21
543;289
327;605
246;110
684;637
899;641
774;557
376;923
406;112
812;24
348;97
74;67
168;227
732;730
106;306
683;908
314;714
500;142
274;570
598;688
70;326
759;40
597;15
224;162
926;905
293;783
707;696
80;893
883;930
39;911
340;262
798;761
735;539
775;837
354;508
506;751
578;562
572;565
65;690
49;54
658;907
784;401
324;66
12;336
532;532
217;217
461;301
1;32
519;769
917;388
8;127
595;95
941;937
143;10
125;158
967;589
18;155
821;388
853;602
660;54
338;307
730;731
640;144
883;633
164;164
103;95
196;650
570;570
62;562
437;836
35;95
125;8
154;26
165;134
593;828
5;30
173;875
393;312
438;102
438;133
502;447
941;941
320;320
375;207
180;430
51;13
596;214
293;47
88;193
661;544
123;43
219;729
750;787
85;112
672;355
8;28
205;236
501;596
135;726
509;40
84;0
582;629
957;439
227;40
625;705
20;20
129;1
891;643
757;379
516;42
454;437
808;464
38;23
172;718
73;314
281;31
540;790
725;2
490;443
674;798
422;392
430;416
752;818
535;31
363;211
18;534
519;519
334;273
178;116
37;18
125;627
723;732
446;479
143;33
292;394
829;774
437;345
951;131
276;64
18;345
683;701
246;406
10;13
414;539
764;823
236;175
268;22
24;41
205;157
78;83
574;562
222;66
761;628
754;750
250;80
62;500
380;475
165;136
20;78
258;17
834;814
113;216
430;110
66;103
337;781
999;749
875;914
2;564
309;278
442;252
105;593
157;161
462;811
633;432
464;214
188;144
163;192
12;39
10;70
166;432
251;319
454;456
660;968
4;751
250;750
772;658
177;176
634;698
313;368
927;48
984;867
13;583
414;625
199;738
259;13
187;90
407;173
362;752
853;357
214;18
535;35
134;696
217;236
466;89
857;853
757;773
401;274
957;520
716;87
629;816
160;278
253;257
501;593
675;705
478;414
284;94
42;128
859;82
908;367
751;502
10;65
643;641
851;750
97;987
691;813
127;41
835;896
318;362
764;264
278;9
422;281
255;6
46;63
547;172
369;869
189;187
28;681
258;634
80;951
520;56
656;0
651;211
784;394
781;785
4;437
744;26
875;782
726;726
213;213
571;12
526;555
92;148
801;779
208;198
556;529
195;43
687;190
189;209
718;968
136;206
34;866
63;594
910;865
755;786
257;263
27;515
828;312
89;11
31;164
252;253
0;251
797;289
95;989
126;218
511;635
100;350
628;925
188;964
500;562
783;115
17;24
269;53
29;696
955;971
352;55
63;440
86;520
143;282
380;381
726;728
556;609
264;531
594;665
124;616
492;101
31;53
39;309
9;2
98;126
894;519
1;351
11;11
428;37
659;6
669;419
116;18
127;42
194;516
874;947
4;0
367;437
439;885
595;111
537;158
551;703
254;2
258;250
119;64
844;845
658;0
520;520
53;553
66;218
12;468
783;406
556;593
534;183
3;128
695;449
523;335
504;101
601;508
168;59
268;490
636;139
282;167
949;951
753;750
219;227
155;166
578;195
544;606
766;820
599;596
283;268
876;676
636;164
690;643
87;337
0;0
189;228
125;445
673;175
782;505
987;427
750;630
135;180
598;338
541;68
443;795
62;264
17;266
506;943
299;366
290;775
293;763
62;629
47;2
126;501
114;4
504;500
326;416
746;633
351;344
518;828
631;147
746;216
190;257
92;592
730;726
189;220
424;472
754;843
312;316
254;746
799;742
635;951
506;876
603;103
816;584
501;881
642;950
718;695
278;8
32;539
191;377
580;734
254;437
641;625
324;753
230;951
703;281
862;819
649;766
35;568
55;559
350;347
843;797
753;477
27;79
125;415
226;0
353;33
74;508
48;63
538;17
518;563
45;553
408;166
953;203
508;133
240;159
539;508
597;355
408;468
150;297
638;540
327;280
9;40
32;42
628;134
62;123
121;73
963;945
717;947
4;4
656;508
938;223
156;187
887;145
164;62
280;280
595;550
177;52
6;361
769;769
316;44
984;192
423;298
563;20
93;94
816;317
116;100
896;778
157;35
711;134
508;509
705;564
189;189
386;325
35;38
81;112
766;563
117;293
816;816
82;114
57;792
259;278
547;531
277;267
810;874
6;22
688;729
25;48
71;10
518;756
321;102
62;349
954;458
216;212
77;752
236;520
939;437
11;136
993;177
133;135
818;828
691;626
278;306
205;107
442;751
59;399
633;539
58;298
166;662
258;305
31;391
43;55
1;13
667;729
66;562
970;450
672;158
484;367
96;693
740;578
1;1
224;229
397;490
78;20
354;476
125;383
462;488
500;563
59;266
626;260
561;8
751;263
266;125
586;86
355;356
440;192
213;727
908;937
373;418
627;580
569;562
599;332
133;695
146;130
328;563
782;267
953;627
633;258
127;141
515;44
218;513
778;528
502;697
31;94
605;199
133;130
661;906
460;238
380;187
502;611
695;629
157;37
161;673
93;74
322;822
102;258
0;262
334;115
806;737
592;693
251;251
256;352
399;465
648;518
686;14
254;882
73;948
72;760
639;129
542;571
501;503
633;750
70;572
97;687
250;109
59;149
769;779
31;835
66;486
67;514
522;693
197;639
667;685
250;267
394;425
81;190
892;252
187;314
896;828
477;719
234;145
156;785
535;149
0;63
893;393
88;79
161;997
314;314
564;578
92;582
636;26
78;49
138;138
67;65
47;24
676;12
639;637
815;812
99;99
35;410
971;710
687;316
158;684
540;625
111;455
3;46
778;759
17;617
919;910
38;223
410;200
143;568
255;501
871;556
286;256
581;329
520;591
449;324
612;58
887;668
426;359
2;230
143;519
642;239
135;917
271;550
517;254
484;407
890;920
566;0
195;195
525;81
893;894
209;145
393;268
640;889
263;259
634;181
242;59
292;751
137;153
345;64
51;223
18;523
715;201
8;500
38;420
508;8
145;153
614;556
134;9
249;77
409;986
58;58
484;704
326;391
507;752
719;33
623;207
25;275
131;504
549;361
274;135
287;284
162;399
508;508
140;640
911;254
360;125
344;375
79;17
543;914
16;16
62;455
1;16
172;359
257;257
393;33
39;539
94;98
930;541
902;583
147;689
578;328
424;784
384;894
537;595
625;234
60;56
502;37
364;583
793;608
412;936
316;332
316;426
689;713
437;398
501;5
387;275
769;802
688;514
533;159
361;861
315;346
813;254
625;9
161;579
649;548
615;438
138;629
490;234
578;627
879;770
39;282
25;175
750;254
159;979
642;134
692;646
878;946
39;161
3;314
836;926
126;149
282;9
666;484
383;135
41;353
395;394
781;519
389;393
866;257
125;133
578;891
789;884
605;4
91;343
434;480
291;557
68;257
522;522
813;290
86;576
527;20
50;152
16;130
71;198
627;64
574;514
347;937
298;767
792;42
1;500
664;535
67;880
301;297
62;84
269;87
812;902
251;0
26;518
376;156
814;0
377;250
821;251
203;176
355;357
571;134
791;260
190;236
648;878
104;478
41;35
680;532
55;285
691;581
379;303
598;722
501;891
751;953
396;141
848;968
93;597
6;537
12;7
894;766
816;507
200;187
412;192
33;512
162;159
220;93
285;408
395;626
902;18
258;320
913;194
577;542
569;691
622;538
910;880
331;454
42;102
31;95
157;167
151;399
770;801
393;272
531;0
537;318
306;405
382;5
396;126
530;220
201;84
509;9
8;40
201;202
88;153
375;391
887;262
81;1
5;306
784;334
22;30
44;676
551;78
502;642
76;600
503;289
513;669
641;942
28;133
791;980
0;817
152;880
798;313
607;668
130;195
582;90
516;713
638;755
380;191
33;542
257;309
332;72
338;823
271;114
133;149
376;165
776;390
45;43
282;880
207;459
807;556
824;412
54;95
250;820
374;400
310;48
568;692
256;756
156;250
7;355
524;513
241;704
501;751
285;397
141;130
503;502
0;160
188;879
26;326
302;130
109;618
553;553
797;789
383;375
262;752
590;336
376;254
142;63
143;455
832;953
294;415
125;62
641;887
54;46
948;229
794;700
419;317
850;226
511;510
966;962
87;16
16;516
812;316
337;340
672;704
99;98
79;142
991;750
11;596
564;377
375;322
751;79
13;5
842;342
59;74
897;584
551;547
317;813
712;704
286;31
476;406
580;48
892;400
43;372
251;317
285;298
693;319
290;312
325;75
993;730
724;506
110;231
111;95
766;782
291;33
651;127
292;431
794;782
418;684
508;666
117;976
167;136
199;201
123;293
129;5
511;21
69;71
145;522
157;880
266;773
534;626
464;204
786;969
55;164
789;672
530;526
219;446
501;518
379;250
12;252
87;13
78;109
776;16
226;142
525;266
974;537
571;571
162;2
64;64
127;501
521;521
505;519
268;151
249;920
501;501
644;769
302;677
9;419
1;626
17;224
500;0
547;705
664;660
232;61
501;7
70;508
86;127
797;751
56;16
535;699
15;10
630;161
568;564
675;538
316;375
665;625
72;70
568;14
166;342
593;563
219;681
90;191
488;707
183;698
478;442
519;520
440;314
969;444
28;515
3;503
49;299
732;943
300;837
266;393
652;683
534;96
703;78
439;689
131;191
558;527
862;49
343;605
96;974
27;553
826;847
69;64
129;502
21;13
758;500
528;528
695;691
218;129
82;207
191;520
290;320
907;908
0;582
587;26
671;386
44;325
66;496
646;7
12;285
34;254
526;525
320;356
391;517
40;384
50;236
276;878
77;554
564;719
468;353
137;191
891;937
263;759
434;810
555;43
30;269
4;97
320;850
429;878
185;55
518;581
172;144
664;164
14;533
78;80
515;822
4;258
35;597
507;739
529;770
125;410
155;453
266;792
428;799
104;545
711;135
752;534
978;524
357;101
149;10
738;64
80;549
611;526
472;451
280;30
379;131
303;268
550;837
484;353
517;18
334;611
26;123
396;431
629;153
565;132
191;195
328;937
108;105
218;204
351;268
268;129
521;524
12;458
321;358
21;78
812;828
797;343
496;421
259;7
71;562
282;487
126;657
59;105
522;8
442;441
637;217
435;685
3;31
52;177
548;408
258;254
215;706
453;476
84;106
531;406
312;66
819;64
195;586
37;528
97;60
677;532
31;387
296;11
507;511
301;316
37;6
847;661
126;708
630;671
14;353
275;275
99;920
503;7
268;10
93;547
39;39
32;763
764;812
12;4
190;188
843;947
565;514
75;133
758;517
337;40
496;185
665;47
533;518
500;165
53;553
207;879
271;275
567;570
199;247
328;314
287;991
36;36
40;78
258;55
645;711
392;406
94;66
441;356
9;11
389;444
300;50
64;66
83;83
583;551
734;718
31;23
812;259
106;106
525;573
80;502
700;574
617;740
540;914
387;137
377;252
96;471
489;340
551;928
191;117
461;0
766;867
331;842
175;555
617;984
1;1
187;507
10;0
626;633
844;521
149;141
820;408
128;377
169;667
112;23
203;0
187;884
142;192
596;313
706;583
719;692
445;449
531;518
750;843
218;651
723;559
127;252
274;306
517;4
281;98
562;199
201;701
0;4
431;399
393;393
40;48
758;306
35;545
802;772
251;251
41;248
706;675
381;257
520;887
295;294
590;75
625;657
676;176
476;492
529;7
128;475
230;99
660;129
187;78
275;25
851;32
289;281
629;191
791;829
253;282
314;642
502;645
293;43
658;640
408;408
749;999
325;354
512;165
48;303
43;163
896;686
816;281
563;500
570;5
31;562
157;157
90;70
896;255
481;805
537;972
75;12
438;532
546;511
180;641
578;938
709;201
939;425
566;691
45;37
16;13
850;784
775;810
710;737
652;628
149;555
464;212
165;150
469;597
409;375
391;439
674;641
755;584
532;532
43;62
783;786
213;580
602;536
82;145
204;217
67;505
383;445
657;663
450;634
449;816
531;598
18;603
629;630
503;34
425;32
756;130
562;593
506;629
21;17
367;313
381;381
232;444
562;64
14;14
932;305
213;463
825;590
438;134
206;143
818;256
595;729
455;941
343;474
78;582
281;255
431;891
13;12
627;506
281;66
948;687
637;506
810;805
782;42
466;466
36;546
65;277
150;399
752;507
5;0
94;62
95;361
130;703
343;609
581;66
595;595
539;657
378;251
80;204
291;260
77;69
352;245
526;557
158;31
197;641
583;896
0;599
750;879
856;363
527;515
23;519
509;65
39;312
278;383
530;543
504;500
361;115
587;529
153;13
571;253
16;18
750;125
392;400
151;14
361;312
381;757
530;30
35;45
137;145
109;242
61;459
25;149
10;917
746;184
430;379
761;787
978;351
8;518
566;514
131;139
627;72
700;633
531;40
340;623
831;79
37;160
349;103
3;562
260;385
254;250
633;633
889;908
781;775
347;317
78;35
820;776
823;963
315;819
13;504
409;376
399;953
196;344
324;441
691;199
105;87
90;132
52;177
344;846
297;500
205;225
437;394
53;549
523;36
250;423
91;590
228;4
1;15
9;259
331;349
543;539
961;961
514;538
508;173
707;387
976;605
735;495
437;437
659;417
664;190
453;328
874;228
218;32
813;534
533;425
645;506
754;543
4;379
771;644
627;127
781;794
36;360
271;104
121;43
770;51
720;385
39;90
180;403
712;612
2;323
591;552
457;280
727;446
796;529
253;252
592;518
734;570
823;725
573;564
188;461
703;646
203;83
109;234
268;51
93;17
759;860
0;41
512;0
77;85
797;984
18;612
409;284
460;388
202;765
241;148
221;191
567;80
269;397
204;187
939;349
967;432
446;601
1;328
764;568
187;976
612;111
523;523
99;113
83;334
502;501
429;389
858;264
707;501
92;88
70;93
273;538
254;754
604;573
42;516
526;274
316;553
627;127
523;550
845;758
912;724
57;52
206;154
524;508
658;662
539;687
307;291
672;678
522;319
314;78
781;860
789;876
155;133
254;379
150;513
379;375
601;668
34;350
292;33
2;0
307;653
70;62
311;756
260;164
549;531
734;66
64;141
304;85
521;645
613;860
68;53
996;934
687;733
109;268
844;875
380;396
254;44
897;863
42;541
911;763
260;322
3;80
788;638
597;566
393;503
892;523
37;53
996;598
53;267
701;937
555;291
784;219
105;607
0;13
768;141
141;704
518;760
164;917
565;579
37;250
420;293
222;218
533;141
676;176
251;3
813;313
344;566
907;394
698;188
226;290
189;189
369;339
531;540
11;312
518;34
80;453
979;102
3;284
318;381
211;457
87;855
10;10
699;199
257;819
356;253
785;893
667;659
172;164
809;905
22;6
662;506
203;141
20;17
135;844
549;657
109;862
438;134
90;582
378;267
516;712
430;785
927;276
644;900
584;500
878;10
32;97
155;457
622;43
521;91
761;581
552;832
374;402
66;36
145;144
546;187
356;69
201;217
98;609
721;565
798;767
355;372
375;227
237;517
340;72
711;808
537;570
376;199
884;820
59;181
39;101
516;580
813;897
535;656
51;35
9;150
405;908
762;813
113;109
173;673
513;45
257;254
146;966
6;127
421;416
404;148
600;98
242;114
22;558
810;56
170;457
376;1
24;8
450;347
125;12
925;659
518;633
687;695
715;715
760;756
764;764
71;140
446;946
470;846
115;114
691;388
634;510
436;420
40;1
664;607
547;506
63;104
395;316
102;227
669;196
161;473
285;821
321;105
564;585
778;518
155;187
576;591
11;108
82;561
319;67
557;331
376;376
660;428
789;540
150;440
343;358
96;53
401;656
223;500
269;1
587;267
315;314
519;3
719;172
422;177
78;81
531;51
217;244
254;330
660;677
880;5
345;291
353;820
61;553
312;360
290;883
523;536
797;266
601;619
516;612
521;505
314;31
474;470
88;305
266;820
188;187
276;752
108;105
68;90
69;15
914;781
790;285
441;446
970;540
343;845
392;320
581;323
20;20
530;895
145;192
582;62
332;66
715;646
55;2
358;421
195;8
198;196
31;47
403;895
437;422
133;193
882;412
393;707
389;407
260;447
606;669
713;572
565;569
762;289
674;284
64;758
87;218
774;292
626;1
27;338
922;891
656;535
1;755
20;87
717;576
313;359
372;166
19;948
422;369
564;566
456;456
664;45
305;774
604;665
845;968
601;579
512;133
20;28
813;707
93;816
258;242
681;423
24;150
221;48
643;897
537;537
667;558
196;125
518;330
250;62
111;64
784;812
261;409
508;884
51;551
30;141
781;519
413;413
250;250
412;428
336;266
28;356
843;985
112;112
160;522
533;752
866;859
34;111
218;63
571;874
222;32
29;654
604;732
802;548
2;125
712;63
856;579
847;567
284;938
142;899
717;84
270;281
505;67
516;504
376;708
757;882
710;938
329;957
99;59
339;336
375;391
61;686
570;620
578;750
848;861
112;93
99;314
898;653
169;529
826;342
238;395
91;462
782;669
440;442
55;583
459;314
510;31
138;30
114;190
613;613
752;760
91;125
609;801
845;563
504;566
454;329
14;201
175;673
406;625
385;965
878;657
845;24
722;410
562;651
69;671
150;183
336;885
628;625
822;819
684;621
459;738
178;393
164;781
49;10
229;499
234;227
10;23
234;453
640;68
465;435
311;871
161;333
142;53
926;798
202;159
525;558
824;600
961;526
113;0
0;281
227;185
332;332
259;250
211;447
564;564
507;404
78;71
262;12
320;70
190;198
4;381
140;136
132;390
516;645
807;797
71;457
31;31
43;172
106;352
59;666
508;695
359;486
78;330
5;4
43;536
559;683
350;848
958;956
221;407
172;349
906;910
267;517
450;392
840;84
250;375
143;204
488;351
304;19
205;82
840;192
570;442
577;519
731;571
718;669
711;595
70;570
571;575
113;347
166;196
682;539
758;321
846;406
6;14
172;769
83;663
517;516
587;78
254;254
37;37
520;794
907;933
849;95
781;660
562;256
555;164
825;356
251;79
471;968
656;410
215;86
816;318
91;4
70;316
199;16
214;213
277;394
6;945
17;516
797;770
612;620
612;583
414;430
637;820
198;136
97;157
153;280
314;345
633;698
345;73
879;275
792;852
13;28
283;849
738;577
236;18
630;375
410;29
160;723
933;370
265;66
500;533
781;545
792;289
516;367
31;270
172;223
777;648
110;275
795;762
704;80
67;562
41;46
443;459
195;476
140;320
689;939
355;787
221;93
63;204
877;453
142;128
938;719
169;934
37;6
548;160
273;5
396;298
349;728
278;258
176;55
947;371
126;487
93;31
798;422
267;81
564;893
100;161
768;766
563;570
77;148
353;601
823;597
126;6
191;687
138;169
145;148
458;462
625;676
70;437
282;421
721;189
735;109
170;451
488;337
505;286
806;39
187;0
78;88
955;33
650;590
790;118
512;12
112;300
516;766
633;156
586;502
25;529
142;5
47;551
633;195
65;327
883;887
82;78
259;259
312;341
6;381
469;348
62;263
814;314
131;129
8;524
195;0
876;876
966;718
146;146
724;177
430;104
626;630
343;320
586;251
156;156
440;251
263;384
67;36
543;650
254;847
598;200
322;43
454;956
293;294
520;0
351;325
7;544
652;175
320;369
534;42
326;569
815;315
316;347
553;285
172;252
809;538
344;337
599;582
908;883
267;277
567;63
888;884
18;269
101;734
84;164
378;112
657;507
785;859
274;258
563;563
689;939
948;907
299;447
203;65
81;69
40;291
526;527
277;343
312;70
68;23
907;969
18;205
570;510
101;527
336;270
601;563
334;314
10;126
165;267
219;64
461;389
316;816
375;437
297;754
90;774
784;908
756;559
161;578
858;868
2;377
0;8
35;562
325;387
955;953
524;774
515;155
226;97
289;289
168;155
328;817
828;676
336;445
319;971
1;32
360;302
114;173
230;449
530;28
1;1
575;562
297;423
305;527
129;134
395;936
388;233
947;258
45;303
222;715
718;729
47;178
159;127
259;263
180;74
276;385
352;469
136;151
791;45
985;282
74;762
637;649
506;528
93;95
754;832
793;699
125;177
578;555
90;588
139;139
622;562
266;317
540;168
697;500
310;852
958;968
615;84
263;259
562;179
33;58
512;40
761;886
110;722
135;71
753;886
293;295
764;520
735;312
407;157
500;656
841;906
173;489
788;788
338;328
566;270
608;952
168;258
985;929
410;407
528;933
502;791
131;420
473;473
17;755
513;13
945;852
505;567
803;582
125;2
12;291
0;209
300;344
376;257
155;640
853;853
297;445
588;524
276;30
608;661
686;565
777;920
593;502
101;665
555;806
213;693
601;64
475;189
750;578
970;93
392;497
110;851
763;759
906;553
125;221
72;127
313;220
432;455
278;28
198;92
701;6
922;793
36;31
76;534
8;62
576;447
1;204
414;252
625;403
27;15
918;292
93;579
331;467
126;458
169;159
137;168
177;126
949;647
449;231
220;158
859;595
444;408
34;34
16;766
141;149
512;511
538;907
822;764
501;356
591;346
171;191
708;517
268;430
524;8
274;780
924;533
459;423
141;739
254;328
703;567
59;280
636;11
39;226
164;556
641;503
504;754
726;547
70;187
127;176
579;187
219;240
218;5
503;6
0;770
107;14
728;720
13;36
343;65
286;794
410;407
157;919
945;190
633;109
323;464
202;438
680;392
882;2
529;833
754;51
95;408
516;376
789;508
520;149
187;156
200;130
634;751
156;31
274;557
266;79
514;0
685;28
809;980
272;815
392;221
578;67
577;72
379;893
12;581
187;127
617;557
844;719
572;758
135;8
93;111
391;204
358;571
861;859
24;814
361;240
62;1
375;376
129;160
126;59
973;942
476;812
454;399
300;784
593;312
8;758
266;406
510;838
3;634
883;649
855;117
297;31
314;256
192;138
805;382
169;630
62;28
930;299
408;887
315;253
618;298
712;620
33;49
165;384
767;150
166;292
603;72
582;207
397;768
187;145
564;583
4;32
531;687
657;661
508;633
958;945
628;891
251;321
9;9
286;62
734;656
79;47
788;254
332;332
340;353
853;791
638;515
861;252
889;857
472;424
932;906
708;531
38;36
314;317
5;255
549;519
673;882
78;594
522;578
178;49
60;34
54;81
67;77
500;783
40;165
814;787
777;414
39;594
643;484
637;193
410;879
847;251
109;736
260;510
468;297
187;93
505;335
689;198
63;505
947;65
649;142
380;321
535;161
565;583
650;899
941;442
758;351
221;65
110;56
182;168
503;822
780;281
312;17
18;125
574;812
10;57
582;520
757;679
189;70
553;537
859;810
523;647
61;54
781;300
152;681
757;529
506;131
140;41
638;505
317;164
219;78
548;370
534;4
2;206
923;419
64;95
343;94
222;235
932;506
916;629
510;959
814;260
822;198
31;345
569;589
44;163
795;260
845;313
318;314
156;13
656;625
303;256
656;34
352;343
9;505
109;31
766;504
333;83
328;22
113;113
753;970
937;189
751;253
760;767
580;125
385;668
790;533
547;566
179;174
131;630
938;313
488;988
126;448
190;301
137;40
184;543
391;141
502;627
705;237
682;493
509;758
758;777
144;167
375;126
693;205
582;517
420;760
709;939
315;823
579;891
533;514
813;259
18;16
78;617
325;316
831;144
229;745
169;363
33;803
696;187
228;43
48;302
9;261
457;954
901;994
0;4
346;69
525;596
43;24
78;758
376;258
22;35
282;556
59;309
686;147
151;144
564;563
602;348
24;650
168;972
679;614
36;786
188;313
193;178
395;395
97;262
824;914
129;625
406;411
530;82
1;125
250;816
702;954
367;111
6;39
68;190
285;153
469;328
37;312
156;193
825;528
268;287
653;108
42;132
355;367
534;659
818;223
684;109
307;25
211;524
534;726
437;304
649;651
96;815
31;79
443;326
261;257
505;513
531;531
656;136
62;342
105;101
716;31
691;397
960;523
574;301
100;266
906;943
70;320
20;16
315;253
111;910
598;724
500;504
505;148
862;829
78;586
37;54
766;375
730;702
467;189
791;260
141;712
587;648
251;328
868;719
753;814
35;31
667;651
578;187
317;317
711;651
674;93
670;912
48;332
516;516
75;46
537;784
619;617
916;431
39;40
831;814
258;750
532;187
907;753
995;683
70;695
55;31
391;191
386;503
53;174
839;902
760;818
201;73
379;153
607;109
897;722
679;552
930;502
793;500
328;79
59;164
524;399
532;876
384;259
418;415
316;585
441;812
128;2
245;402
6;6
590;586
130;139
593;601
104;15
378;632
563;757
626;126
845;227
545;943
769;757
0;207
321;872
159;563
241;32
41;119
821;17
968;542
548;518
568;948
400;215
625;805
272;405
321;71
563;339
309;934
40;56
281;281
97;504
252;250
194;475
113;332
620;142
228;75
335;209
351;553
213;214
502;156
509;634
902;766
375;266
221;469
927;157
29;293
391;141
50;43
63;563
704;648
8;582
163;177
126;440
530;519
875;937
281;782
338;276
578;572
136;197
76;59
262;544
61;264
742;672
279;341
387;691
472;391
197;137
195;70
59;39
383;0
132;193
770;272
516;506
24;26
753;878
297;363
262;316
14;135
93;72
704;620
131;126
633;641
550;518
64;127
291;283
133;156
171;324
536;532
606;567
315;21
371;101
19;69
203;141
760;790
191;441
376;128
31;157
340;59
326;412
792;790
845;781
512;504
6;145
905;705
254;504
615;599
66;249
156;656
37;836
71;195
878;502
82;302
544;544
68;65
375;376
649;172
703;455
79;138
165;477
834;824
4;4
312;502
253;331
70;70
79;83
380;638
758;812
5;822
503;142
273;19
650;524
564;591
63;746
532;739
363;269
750;754
203;950
531;47
329;391
582;62
325;74
256;256
327;390
569;599
535;545
12;137
320;387
705;835
16;375
125;533
395;38
63;594
55;556
260;261
504;4
272;408
13;5
159;627
762;785
407;281
613;582
57;57
357;849
2;510
70;125
805;781
372;114
509;25
758;510
147;129
619;706
32;73
289;399
26;305
149;117
4;213
723;693
883;867
583;503
734;734
736;609
471;348
82;82
379;812
544;802
537;263
344;32
123;58
310;126
86;176
53;61
315;257
625;543
522;645
784;604
272;68
657;188
718;225
980;980
570;711
654;173
853;320
93;31
112;280
128;4
344;486
938;441
354;291
169;25
408;418
393;33
631;631
29;86
470;439
35;295
950;94
501;281
271;751
782;804
588;18
563;63
166;669
515;400
652;649
65;129
452;824
253;759
317;460
387;876
263;388
399;525
535;561
234;99
35;666
530;526
172;156
103;621
70;293
4;43
10;77
71;93
564;64
18;562
535;611
21;90
598;97
129;641
598;188
10;68
34;282
328;321
129;30
700;513
400;312
926;521
947;314
883;264
617;492
172;680
571;546
919;950
101;821
31;257
693;530
312;33
557;45
788;538
69;20
117;605
826;916
207;199
437;318
532;503
161;298
16;377
14;982
461;320
755;130
541;512
368;181
603;617
8;415
771;582
968;70
564;8
16;207
59;14
437;634
339;300
919;415
107;170
906;914
580;740
297;266
126;415
739;747
46;46
514;680
289;754
16;16
332;191
0;698
876;398
69;99
340;0
703;189
258;24
962;21
79;562
276;796
225;227
450;337
950;700
313;156
678;178
422;319
799;252
773;661
912;175
623;612
11;77
65;366
186;725
14;514
447;666
94;609
347;283
281;754
321;824
900;900
391;423
875;377
379;755
309;484
14;566
0;0
343;812
214;279
699;626
789;805
508;10
287;285
567;566
414;375
970;978
490;395
92;28
175;729
463;883
637;883
350;287
361;190
507;502
793;274
265;323
187;84
692;911
645;393
123;99
35;62
948;448
408;439
851;805
582;586
141;152
9;521
205;166
55;609
727;477
302;254
137;877
395;20
967;936
535;976
772;845
216;24
191;327
892;644
162;35
156;115
798;984
801;547
959;773
300;804
334;20
504;250
521;771
791;283
917;958
78;633
160;670
65;71
8;730
286;294
823;448
521;513
563;234
6;64
527;602
666;633
100;108
375;875
91;668
328;867
850;323
187;238
502;838
251;320
403;211
938;853
572;604
322;813
802;479
847;788
70;316
221;224
453;375
200;940
674;125
275;370
218;8
265;388
360;583
769;158
860;699
999;982
610;565
45;601
252;510
567;608
82;20
750;195
23;17
80;62
260;72
605;500
597;97
461;322
75;91
949;274
253;19
511;968
914;875
403;926
310;298
47;16
62;353
533;674
172;166
417;432
847;562
353;331
293;419
31;70
294;379
549;252
695;625
911;660
392;376
474;382
676;738
345;347
500;502
194;516
294;296
47;750
521;537
288;402
618;114
800;755
567;582
703;699
153;137
852;601
24;135
877;906
383;664
702;656
761;320
177;54
434;484
125;31
107;320
270;284
877;910
525;517
314;751
33;49
297;260
447;986
31;62
166;542
10;820
851;851
251;251
389;445
146;21
781;281
109;359
308;611
263;114
527;628
191;707
510;540
176;147
766;376
996;483
500;500
260;88
312;103
378;287
789;262
951;585
887;817
205;151
336;289
754;754
57;16
168;157
32;547
695;821
782;796
322;439
661;1
128;189
426;459
109;207
717;205
317;692
5;521
255;255
651;70
264;385
955;893
459;354
750;252
96;345
872;25
611;72
942;941
537;804
32;40
133;137
33;97
376;505
744;574
194;221
93;67
167;156
275;13
697;151
776;768
125;138
145;316
281;295
96;792
603;910
549;549
849;264
126;323
268;284
153;568
41;728
64;93
594;785
342;195
137;12
44;512
429;400
490;189
344;594
530;37
787;257
16;203
602;879
259;760
33;506
891;766
626;146
186;248
7;85
153;662
870;308
875;883
965;961
59;176
820;824
630;410
97;293
398;3
152;275
37;131
689;68
297;47
791;877
504;506
57;557
103;39
438;877
656;97
645;500
435;483
726;855
574;709
399;150
641;937
242;82
79;580
14;13
205;86
969;970
64;569
798;775
768;254
69;69
164;445
177;79
573;814
851;74
644;658
268;33
755;297
563;17
514;905
523;513
117;88
416;666
262;387
594;750
986;533
810;523
62;62
250;1
71;91
150;694
80;26
508;8
122;341
20;272
751;766
48;531
87;602
877;877
272;632
711;734
724;594
287;553
760;879
183;642
439;455
692;638
282;408
610;579
668;434
563;196
318;149
201;637
406;402
110;129
203;60
916;387
643;893
63;1
59;67
24;56
705;674
548;554
802;683
8;31
97;583
190;16
47;566
4;131
949;961
837;885
575;204
141;204
550;62
333;348
315;904
771;905
308;292
340;22
566;73
20;66
143;683
2;53
564;502
359;361
99;31
396;267
184;562
309;61
503;0
268;370
643;803
1;548
195;188
21;16
784;752
533;156
965;706
761;315
84;778
28;138
519;777
152;15
263;340
594;32
115;101
761;796
257;331
343;8
236;19
566;822
1;63
711;526
420;818
688;724
636;502
559;559
768;641
736;635
32;113
432;349
571;697
767;761
704;625
178;53
676;433
150;644
12;633
159;440
590;736
34;533
633;539
520;35
656;625
505;662
392;912
66;287
802;4
570;571
511;33
722;316
539;559
64;16
319;265
259;289
10;6
826;647
895;772
828;332
320;355
757;897
656;656
885;447
502;3
14;260
281;379
346;377
999;456
747;367
226;164
183;53
524;641
711;133
774;799
623;592
755;254
278;67
837;384
277;906
845;925
400;270
851;406
350;407
159;172
4;13
146;12
83;504
414;664
274;399
111;110
387;5
764;693
220;322
86;24
122;196
222;451
312;437
156;340
641;55
57;307
206;17
567;778
152;261
564;506
143;127
364;269
64;62
51;49
558;890
505;233
662;136
736;125
875;501
955;318
358;117
637;513
380;204
343;312
315;3
613;502
857;733
552;165
143;125
315;380
383;258
314;455
570;588
323;507
12;633
913;976
387;278
998;248
881;920
88;524
413;333
332;68
197;823
92;354
344;39
579;31
48;594
681;399
680;555
252;256
606;565
530;553
197;73
220;345
207;672
510;822
984;468
13;130
250;875
266;406
35;161
360;337
674;551
699;621
301;20
87;87
129;12
603;595
375;127
509;21
821;192
148;523
875;879
275;306
562;111
290;88
39;391
413;366
5;270
766;329
506;568
262;332
633;820
251;254
163;767
260;258
156;126
114;92
98;98
66;93
596;843
738;28
908;656
943;813
61;281
717;905
636;134
699;327
831;855
760;276
109;56
574;321
37;166
541;352
689;599
75;212
350;349
919;306
134;876
151;276
9;28
160;45
770;567
74;63
83;514
833;285
55;531
162;732
326;454
157;78
912;193
347;607
84;23
12;43
187;306
500;593
66;74
774;813
266;299
71;751
828;766
162;34
635;666
955;526
29;574
176;406
38;294
898;895
783;520
93;813
143;379
626;138
759;0
128;31
932;911
400;864
504;649
528;582
820;355
588;580
422;424
842;338
426;906
555;716
393;895
78;217
791;287
381;877
164;135
329;799
704;731
330;17
566;35
744;738
536;755
761;507
696;532
387;722
451;84
711;641
598;767
435;556
837;89
129;505
578;649
504;514
368;617
143;205
645;652
750;772
289;258
750;829
577;574
617;234
391;454
11;27
218;206
252;251
847;218
182;799
196;305
532;569
107;3
129;472
387;262
312;1
532;63
632;378
653;669
569;130
762;572
968;195
125;128
37;533
141;391
374;281
665;60
53;528
250;275
908;676
765;929
518;20
891;672
91;208
478;103
392;883
691;632
133;164
595;500
153;463
273;331
9;255
415;689
260;424
385;260
511;838
67;212
458;578
282;907
46;730
820;324
130;127
520;585
164;287
6;537
16;516
196;192
376;758
972;968
219;657
254;12
312;817
127;627
92;55
267;798
219;130
830;577
692;694
33;31
853;917
191;699
89;71
239;235
894;953
907;661
35;7
124;108
281;393
98;59
581;495
597;239
426;797
826;62
66;660
821;764
113;6
323;251
609;617
605;564
757;792
703;617
736;938
17;540
278;266
158;95
519;502
692;504
798;924
333;145
563;630
597;871
844;969
209;240
150;250
480;363
798;414
103;8
162;732
626;146
521;643
774;772
542;540
274;24
821;867
42;126
256;796
348;316
69;513
766;65
11;447
17;33
151;309
350;313
252;397
578;200
601;101
605;546
540;573
963;634
273;15
419;658
509;188
158;181
28;30
147;453
0;603
754;384
810;779
753;508
439;199
361;375
126;17
185;904
625;687
490;139
68;68
632;173
713;633
524;555
389;232
532;518
612;519
141;20
414;55
49;53
908;95
853;474
195;137
321;751
146;79
765;508
513;536
893;674
572;0
970;908
141;703
153;528
254;133
509;840
507;818
64;828
393;10
613;621
48;60
10;24
301;922
535;645
645;667
109;117
358;295
425;280
813;750
142;625
218;285
627;127
260;292
103;33
363;105
955;653
781;884
666;414
70;0
292;666
291;15
218;480
149;695
224;127
251;896
547;33
518;143
748;226
744;718
259;1
602;93
255;860
80;245
843;312
349;358
181;39
941;625
67;702
227;226
168;4
751;579
126;128
289;367
211;726
64;34
566;855
210;213
631;700
647;889
718;70
523;287
31;73
148;205
761;822
128;674
770;320
453;828
22;84
331;424
151;526
174;377
8;259
641;578
163;943
742;367
257;386
697;510
823;14
636;87
136;649
751;900
29;21
501;48
615;645
922;908
314;252
816;751
270;268
532;531
71;191
672;377
504;543
269;769
274;28
8;576
823;65
540;609
637;133
90;277
1;146
190;8
343;609
507;119
134;509
626;626
568;633
7;250
503;760
537;186
148;128
129;255
36;317
47;16
673;126
696;993
509;4
377;944
466;997
222;507
531;63
595;608
753;300
348;350
775;267
517;130
579;844
669;707
314;282
38;39
765;7
252;471
503;790
596;96
505;879
133;254
0;166
0;0
641;875
868;532
281;32
896;630
304;268
161;156
912;577
52;37
602;94
39;8
92;89
908;877
985;32
703;617
62;468
687;567
109;109
241;660
42;95
723;506
19;270
347;344
453;441
62;61
900;843
603;570
345;345
807;93
699;568
63;205
268;874
535;812
408;908
502;537
181;246
16;55
78;633
19;519
719;29
218;689
31;531
503;508
899;391
514;752
42;291
728;229
737;695
666;540
917;776
331;487
218;657
377;377
514;513
934;403
18;330
645;519
63;66
375;253
526;636
439;774
137;68
557;39
320;451
48;29
925;437
281;884
651;703
641;212
814;533
750;502
213;28
55;360
123;623
814;815
255;286
767;802
144;516
766;410
644;644
437;378
524;641
278;90
34;36
608;849
75;71
141;438
532;3
564;510
477;481
532;31
39;56
923;927
52;548
445;246
393;376
383;135
81;108
884;636
731;227
516;547
823;323
121;66
443;377
584;85
154;638
40;544
637;631
386;196
0;533
521;782
645;194
914;742
94;126
509;633
122;117
1;23
489;230
459;80
222;813
836;354
47;234
769;757
630;579
970;831
149;27
178;104
344;536
632;756
174;240
142;803
202;314
563;333
816;704
665;166
390;877
282;775
630;625
162;203
340;205
633;155
807;649
300;300
813;329
652;17
398;347
531;39
315;323
839;937
276;255
35;51
640;632
599;597
752;631
338;337
566;191
266;21
18;49
517;19
756;718
643;432
500;0
475;32
965;824
17;524
516;218
193;64
480;191
751;844
325;653
689;406
716;927
306;899
122;488
506;508
891;883
504;500
103;595
579;689
736;228
505;722
670;603
93;115
469;407
427;771
266;24
826;832
14;171
2;506
785;763
736;724
816;355
138;200
282;58
747;864
316;69
566;597
118;142
24;274
708;562
569;885
150;531
115;96
396;548
501;569
458;20
564;511
962;915
760;891
0;269
571;509
627;562
442;690
66;0
147;155
275;312
254;258
550;116
276;213
141;367
912;694
307;791
330;80
709;318
593;566
2;2
415;167
503;657
855;43
553;253
505;437
342;213
32;50
10;562
533;627
564;584
81;126
312;868
487;204
7;568
67;190
769;519
900;766
904;779
156;125
220;968
250;252
651;556
941;816
26;137
134;29
668;418
916;964
70;62
274;274
2;57
428;926
39;40
289;360
99;222
533;416
69;192
129;157
322;281
476;968
596;736
328;81
282;540
361;16
236;221
751;751
766;750
49;141
103;186
334;115
885;759
189;127
281;583
340;278
31;152
358;793
345;288
537;533
107;599
687;54
316;883
193;256
848;43
400;8
62;164
518;526
276;776
474;533
381;6
17;823
191;5
406;219
845;850
781;71
334;84
44;24
317;472
297;895
815;658
305;761
619;119
75;567
843;598
10;16
790;539
587;630
836;601
205;244
550;601
807;963
230;726
194;648
566;939
756;272
283;785
0;518
559;958
774;509
113;553
501;4
701;692
156;219
426;910
422;426
569;813
329;313
164;180
187;184
879;506
331;339
375;375
652;924
24;237
518;520
5;73
605;743
156;129
296;128
278;26
560;429
746;555
671;221
711;362
173;178
313;708
290;292
705;141
934;670
775;775
262;596
626;157
16;0
645;455
7;725
514;500
253;269
195;76
518;893
313;571
384;437
549;674
63;533
974;74
164;168
641;754
505;773
268;297
156;141
894;321
630;634
985;984
82;86
699;584
282;315
543;74
621;623
484;476
299;932
673;566
218;222
62;62
299;284
313;17
571;501
284;788
408;664
884;529
228;139
657;909
331;549
77;137
268;766
968;422
282;3
690;690
260;252
169;391
332;80
577;202
665;423
80;312
808;265
333;829
807;311
562;609
332;332
192;382
696;493
845;939
464;27
396;20
289;129
252;536
939;644
500;0
188;40
225;662
3;503
38;691
557;893
377;250
628;628
563;9
26;588
261;507
24;79
637;945
384;384
578;502
39;793
232;31
629;952
854;719
469;469
331;862
41;252
48;118
330;453
507;532
600;581
79;142
254;395
24;8
109;21
12;707
692;632
503;505
597;552
24;0
295;41
705;901
629;35
290;368
29;17
318;314
981;934
122;267
916;278
671;617
32;188
687;722
416;853
13;11
568;628
961;492
594;680
251;393
35;35
754;700
508;501
625;691
772;330
500;758
442;150
859;850
775;642
262;101
52;17
884;664
550;150
131;147
57;42
503;3
783;218
6;311
20;252
122;56
38;146
348;286
113;35
776;581
705;235
838;601
375;250
518;672
84;109
22;147
721;533
516;635
582;523
767;547
940;781
66;64
335;267
344;352
930;262
8;8
46;289
539;28
321;563
295;46
250;879
899;730
567;505
267;375
645;566
121;722
623;89
567;785
164;156
643;647
191;568
260;312
859;768
149;133
944;468
174;133
25;8
187;4
547;172
293;539
588;88
78;500
599;599
659;471
113;109
473;325
137;199
281;51
595;908
130;707
8;754
163;163
470;222
5;5
328;258
110;840
363;488
940;817
855;347
500;785
64;50
623;43
77;512
520;278
43;77
32;535
643;877
126;150
690;938
769;801
15;102
542;81
87;71
693;722
360;798
159;699
189;365
942;951
0;219
258;289
172;297
997;983
4;59
648;897
500;814
149;684
479;728
67;598
4;427
601;229
262;504
847;129
187;173
656;688
879;945
311;666
112;330
531;531
571;622
260;93
516;267
616;83
2;274
329;469
419;165
311;470
334;893
258;257
629;687
16;19
695;695
157;175
578;643
767;267
778;826
395;454
31;141
843;345
553;778
505;623
393;209
284;784
442;888
93;14
64;63
105;86
377;875
148;208
818;833
360;191
449;459
230;215
32;41
235;114
282;32
789;768
237;206
336;290
27;513
524;445
291;10
287;6
770;500
422;676
141;137
6;2
672;736
510;666
282;755
532;667
165;618
205;145
649;555
36;536
806;830
433;109
750;775
327;710
533;127
325;88
36;614
46;40
630;700
117;117
111;613
1;751
38;34
68;274
626;1
199;445
512;535
0;78
291;284
134;660
317;150
220;197
614;12
516;641
17;70
32;509
146;819
252;6
640;138
574;74
64;107
377;765
351;275
206;152
849;590
180;156
137;229
766;274
213;193
182;425
328;334
892;644
295;28
39;472
219;80
745;581
348;866
62;63
10;514
566;318
2;174
312;188
142;500
98;98
716;619
35;881
285;786
516;141
581;866
162;160
539;133
419;1
337;259
270;14
923;673
500;0
18;115
501;563
170;191
82;78
80;502
812;437
676;910
141;129
633;549
371;465
187;204
784;99
84;0
43;357
453;125
348;230
937;422
255;317
609;610
428;970
593;783
99;406
572;195
123;87
64;65
870;269
450;336
566;629
281;316
68;584
351;111
760;250
881;7
400;289
264;324
156;258
608;53
314;256
251;252
547;18
854;327
16;135
533;283
322;76
193;376
707;742
12;4
131;176
110;48
324;324
713;164
32;136
80;84
882;17
256;375
28;567
25;528
875;938
69;65
932;799
277;128
876;259
510;88
125;656
13;4
539;266
302;469
501;0
465;133
508;527
667;525
186;30
254;515
752;379
219;224
660;162
188;74
393;626
426;238
723;734
272;578
490;218
223;356
27;23
251;902
292;385
793;783
766;766
123;12
331;206
656;63
823;815
286;343
76;589
43;164
139;107
895;645
172;927
393;839
455;461
261;378
338;70
117;86
518;562
70;74
83;642
430;125
1;23
262;260
963;836
500;531
187;168
834;85
275;270
137;214
255;271
399;906
252;131
12;1
506;506
128;187
70;70
60;306
751;290
9;377
197;26
129;7
907;883
916;49
834;923
106;310
309;5
855;837
593;872
752;751
309;856
137;156
130;566
523;142
222;51
398;154
263;128
109;719
613;556
74;602
314;253
207;234
220;109
64;268
312;568
701;629
633;388
845;971
5;83
704;79
530;511
587;150
278;421
534;658
65;319
223;564
949;841
509;285
656;31
426;129
502;533
875;736
89;200
157;39
454;954
199;715
516;580
266;516
770;396
514;555
542;696
758;500
207;579
334;332
635;910
68;563
211;337
938;830
190;563
426;683
149;305
90;738
156;35
539;670
664;664
597;726
297;52
531;660
346;742
626;753
501;843
5;126
700;825
80;391
70;70
63;317
256;264
6;314
252;18
789;656
27;509
857;793
441;66
900;892
755;278
473;469
437;127
562;535
510;57
8;4
59;426
259;534
462;3
858;591
941;441
722;722
326;905
98;4
531;597
8;566
98;96
2;41
579;610
291;282
43;43
39;55
517;1
53;266
792;860
832;883
598;913
659;544
544;39
221;737
505;754
272;276
274;272
220;224
212;208
956;216
867;289
794;31
672;556
568;132
694;151
753;510
635;45
907;9
31;1
320;289
753;518
587;70
343;611
469;313
460;85
606;42
889;932
226;93
877;503
333;355
800;173
78;109
191;363
531;12
4;281
232;623
93;72
543;44
315;255
814;691
849;224
288;376
416;897
759;258
13;13
832;828
9;567
423;398
46;60
141;35
121;24
118;100
143;240
189;48
174;53
790;795
55;47
785;39
894;287
533;10
77;77
790;259
211;65
602;641
260;464
301;37
22;26
134;416
0;0
89;994
395;136
688;563
477;993
520;759
114;717
56;181
651;750
5;16
510;451
526;386
666;658
407;282
346;237
274;403
99;599
660;409
33;36
95;564
516;518
937;375
39;20
528;525
41;787
328;6
11;73
395;966
519;394
534;95
528;520
515;140
444;283
550;83
516;395
37;803
760;895
212;126
348;782
338;57
195;70
45;289
262;371
641;143
112;111
747;810
694;737
183;908
252;266
156;652
252;3
79;192
336;256
751;833
253;37
520;47
629;504
18;5
299;807
89;30
631;510
645;703
95;64
1;770
186;176
277;392
943;709
504;584
31;531
24;513
0;8
828;285
1;501
723;595
437;312
10;281
39;543
802;312
853;869
38;504
393;268
4;4
188;188
800;554
936;672
236;974
679;781
487;487
125;586
35;36
51;364
688;728
539;657
21;27
41;714
6;500
711;24
639;635
801;799
879;441
517;603
972;906
29;16
32;784
758;918
101;758
47;551
20;255
39;195
182;433
548;6
425;394
929;757
437;280
131;659
956;11
86;254
13;14
737;567
912;799
79;277
613;62
187;270
49;51
168;12
143;22
252;256
367;476
103;322
78;610
218;74
500;520
882;38
50;112
312;312
578;68
62;48
430;422
4;67
215;513
262;687
927;927
511;532
294;168
843;317
125;255
125;383
651;963
445;789
762;154
711;714
318;787
159;226
562;205
252;652
693;3
258;400
476;167
66;145
39;2
343;349
522;707
0;39
816;280
70;815
505;600
876;235
579;579
712;727
956;334
24;126
31;312
215;86
714;374
24;0
513;82
414;41
206;220
361;478
341;343
39;266
252;287
66;12
658;27
752;564
254;502
581;578
68;361
250;41
892;757
517;548
501;500
172;125
314;291
147;35
13;512
782;36
655;717
906;158
531;533
69;108
97;1
32;31
631;586
938;192
695;649
297;863
101;40
100;814
635;932
595;100
51;158
766;543
843;752
924;781
923;894
185;228
113;406
500;752
289;295
152;635
704;837
411;421
676;734
534;173
130;472
814;37
47;38
510;510
175;158
851;524
519;804
222;187
1;540
423;423
281;337
439;440
828;816
924;80
156;188
501;64
464;486
228;136
312;752
0;125
51;114
252;38
417;169
38;507
625;641
98;229
301;426
40;789
561;263
895;703
188;132
716;541
907;425
252;504
47;531
627;693
807;307
21;254
799;20
564;690
591;341
929;425
575;855
48;134
70;880
91;581
594;823
221;98
161;173
6;562
70;75
786;598
380;378
501;503
16;19
16;25
250;266
266;147
592;92
94;6
656;172
623;121
813;815
4;254
50;349
625;131
18;80
889;910
504;0
266;18
190;470
559;62
83;227
677;520
190;727
528;888
275;385
1;0
677;8
946;128
132;644
410;230
264;764
551;766
366;318
716;154
119;80
838;693
250;761
453;142
720;691
315;908
672;31
518;330
352;11
157;134
691;129
378;876
241;221
805;762
367;55
569;197
20;92
197;438
206;813
599;343
636;25
10;572
510;73
691;603
380;255
83;649
105;199
295;362
135;593
379;391
692;907
310;74
473;238
911;356
274;297
3;3
31;547
125;642
258;750
414;289
133;695
895;965
63;64
255;256
331;484
578;329
227;166
219;419
619;109
836;763
537;582
215;734
472;468
483;7
425;299
396;441
258;790
784;65
818;98
752;885
107;514
510;0
93;59
28;131
17;79
66;207
535;593
201;198
531;687
60;435
578;518
342;335
0;70
776;888
85;83
127;159
518;649
0;23
686;514
721;636
281;33
25;620
58;932
128;127
500;250
939;992
126;730
597;824
345;83
625;520
281;375
665;919
92;29
31;95
154;638
558;527
254;348
383;355
484;114
384;259
185;444
527;611
299;987
878;657
392;674
172;5
765;781
125;37
945;262
63;19
120;870
162;30
169;423
409;424
416;969
166;135
853;789
220;441
850;527
206;191
947;399
116;364
578;500
721;2
36;230
285;411
883;976
151;782
622;624
322;324
746;730
781;797
442;473
242;243
164;165
702;402
379;145
411;412
758;921
884;638
512;43
202;193
261;156
907;164
365;86
252;250
629;8
90;89
98;766
871;553
468;127
126;5
613;594
831;815
521;570
272;387
382;475
675;766
172;203
629;160
727;118
35;31
406;328
563;593
7;630
31;280
845;603
97;63
384;665
157;157
22;318
2;328
68;318
78;81
44;76
313;63
884;650
513;634
355;274
268;516
79;267
84;124
320;324
267;532
782;813
188;666
440;352
303;291
557;172
200;521
192;476
68;502
26;172
515;315
492;141
199;289
446;789
666;213
506;254
410;422
690;706
509;695
821;856
970;578
856;852
41;510
555;113
867;617
73;9
632;880
9;11
945;759
821;949
676;646
768;270
254;937
383;351
74;716
54;804
238;157
501;752
816;941
646;270
171;417
134;134
375;532
213;228
260;281
562;211
195;687
133;101
426;350
578;829
257;883
313;468
133;937
899;906
359;234
133;39
437;814
149;252
280;526
528;522
4;504
402;376
55;330
457;187
994;994
626;665
264;170
32;32
971;829
748;371
517;18
586;962
820;946
391;950
258;12
543;420
307;312
774;789
673;906
201;568
518;799
282;297
579;750
16;446
815;502
170;412
281;755
207;191
756;751
375;401
203;205
9;43
254;314
780;264
672;681
602;695
604;729
316;816
688;659
149;26
268;49
916;627
789;851
593;843
571;77
536;35
391;17
792;344
955;974
34;502
391;984
184;637
718;234
28;13
814;814
859;672
650;716
117;133
16;1
266;17
398;210
42;906
762;279
702;702
631;189
503;385
379;187
674;615
876;160
500;53
298;290
861;517
158;127
96;32
584;508
188;187
22;142
136;447
705;720
282;221
663;9
143;377
532;386
161;0
258;298
566;254
468;385
232;686
392;24
35;347
826;590
235;180
78;78
39;766
828;287
887;781
420;899
219;660
322;8
147;645
132;128
164;544
270;0
398;327
113;367
253;314
133;696
4;66
441;441
517;251
109;488
851;851
861;625
39;40
70;465
597;547
243;243
857;318
352;406
110;67
586;39
153;137
634;24
53;49
981;75
953;453
252;345
756;972
812;76
812;843
33;45
530;20
38;312
258;325
71;77
626;705
64;506
869;924
282;116
710;584
538;45
784;32
284;315
116;98
111;609
171;126
174;41
148;244
195;137
734;31
269;304
587;617
256;99
35;54
94;98
23;158
78;62
942;816
385;289
188;218
196;81
338;815
64;250
671;416
145;631
582;590
262;264
53;36
31;867
345;470
201;315
538;617
235;672
754;504
437;477
64;62
383;133
4;66
784;781
379;162
444;763
294;265
39;734
573;77
250;250
649;691
751;502
32;657
972;936
690;690
509;503
875;814
141;392
250;125
152;216
374;381
203;587
643;144
568;218
125;377
731;793
878;661
711;88
556;310
39;203
282;36
5;529
159;126
188;197
317;319
539;539
391;274
0;766
70;696
853;787
466;158
613;466
946;472
192;380
136;175
94;837
20;13
253;719
538;36
533;88
957;454
673;659
390;13
131;421
653;855
95;31
8;134
424;377
150;152
93;251
961;818
32;312
602;541
502;672
445;937
12;505
435;114
82;335
489;454
428;646
9;258
47;172
259;333
569;694
641;376
726;973
711;570
826;588
972;786
128;64
270;798
85;5
715;590
238;125
332;332
503;628
768;328
407;468
626;125
603;100
441;70
34;541
754;1
629;540
105;343
718;189
828;582
164;656
581;282
408;787
60;142
749;458
660;723
78;218
252;510
881;881
766;517
68;596
517;521
318;475
88;338
212;63
52;43
251;632
569;599
289;355
16;204
770;521
689;519
799;928
533;545
240;78
758;274
109;113
281;1
3;96
282;281
630;646
567;687
169;155
662;691
62;203
545;502
383;408
62;312
835;331
237;94
730;160
658;949
228;182
8;258
258;272
510;511
19;618
32;531
546;812
820;0
883;683
6;62
48;237
433;460
287;96
120;999
584;71
442;255
90;576
71;282
831;146
288;314
520;653
682;736
906;281
251;141
758;262
398;768
283;312
892;956
252;62
457;156
137;132
533;924
72;345
531;16
79;641
255;267
625;127
44;164
547;609
161;164
752;352
578;520
338;314
774;575
764;875
488;328
309;305
101;212
876;136
562;500
545;557
156;156
507;132
656;659
187;461
618;738
549;549
391;359
625;700
593;156
377;250
276;330
633;201
606;451
28;12
8;17
687;314
254;82
439;438
52;67
627;689
569;506
535;626
314;16
266;250
2;531
383;367
4;257
587;279
329;939
67;98
2;37
656;906
586;687
187;66
271;254
695;206
133;164
274;82
760;253
209;520
433;147
48;6
153;143
515;593
597;605
57;19
695;754
258;843
743;965
19;205
375;441
263;274
267;252
266;399
535;47
613;555
605;354
28;44
101;578
279;961
601;603
608;116
151;135
95;95
23;19
627;878
924;167
756;782
547;290
328;203
656;32
473;762
77;526
783;783
343;363
57;41
270;313
450;637
15;39
698;712
654;966
818;320
783;504
433;781
344;344
706;213
771;771
80;47
600;545
136;134
626;192
673;680
770;774
6;22
129;540
163;511
329;267
191;646
703;680
756;397
769;529
252;251
165;163
169;168
147;54
100;442
972;820
259;508
787;844
20;24
290;242
250;274
501;812
9;165
640;643
726;531
661;575
899;636
9;884
51;61
166;665
329;60
670;26
376;312
71;219
31;611
41;10
423;298
381;280
581;652
773;873
812;312
3;100
533;537
603;119
97;543
780;965
188;187
156;910
973;970
250;441
623;92
289;13
518;180
660;39
626;654
595;343
578;594
287;264
521;66
375;535
582;903
13;185
969;473
892;625
690;518
378;627
787;750
62;62
188;152
24;275
12;20
131;195
580;761
450;467
102;587
375;437
317;352
892;954
137;161
524;762
334;329
252;379
168;163
386;417
301;301
378;335
590;609
264;383
976;383
143;173
268;303
695;662
284;257
2;698
215;83
243;601
252;383
782;0
636;187
18;250
440;948
541;661
112;17
541;119
968;847
62;593
756;687
920;632
552;521
805;805
95;41
142;1
553;64
95;768
84;145
461;478
48;531
250;70
266;31
661;126
322;580
942;942
876;258
62;187
299;935
187;502
266;250
55;58
645;181
62;4
22;629
259;410
21;505
59;143
105;539
901;905
379;270
832;811
592;584
509;851
14;939
55;18
0;188
261;259
68;7
262;121
4;383
513;290
69;116
813;751
505;5
259;902
590;574
156;222
955;425
252;266
68;357
443;879
63;69
445;510
627;166
785;192
226;343
445;196
754;71
316;566
43;64
401;291
102;5
6;335
78;328
879;125
86;86
597;816
383;758
652;328
109;518
391;266
872;255
500;600
781;504
221;620
59;39
186;170
536;500
41;73
86;39
371;990
820;388
121;352
32;32
718;659
35;256
659;3
25;247
165;414
431;402
782;550
80;572
693;505
801;603
857;857
781;774
980;856
163;54
477;275
318;314
338;88
198;15
19;253
78;65
528;593
599;35
822;508
512;556
783;158
210;210
159;158
741;980
972;500
528;528
726;555
182;125
922;805
103;625
144;501
398;146
135;10
155;240
380;21
133;24
341;528
191;129
147;921
470;471
277;290
492;949
62;0
634;888
2;295
111;596
156;93
34;19
564;315
268;401
602;812
281;32
788;291
564;712
439;697
665;868
403;434
876;876
270;403
504;312
477;993
216;93
284;94
187;417
41;599
572;526
127;142
888;544
16;198
57;353
253;752
449;321
531;156
656;429
9;409
84;580
696;638
624;80
81;85
469;828
291;744
158;32
125;8
408;289
521;507
188;16
86;41
790;251
190;3
293;258
774;770
0;17
998;217
816;373
19;20
59;418
26;615
79;689
159;159
533;533
15;19
851;910
957;610
646;501
513;500
660;514
548;866
11;21
94;535
912;787
638;637
323;346
551;52
175;671
125;97
780;504
664;676
547;578
8;63
906;21
525;27
812;314
95;187
559;810
189;62
150;1
63;67
285;532
168;163
976;283
101;599
207;130
750;274
400;392
508;129
178;184
758;762
130;37
673;782
299;111
685;185
63;313
18;518
15;134
880;509
151;519
715;637
573;321
43;43
71;71
575;91
52;18
201;217
323;110
151;547
82;31
5;17
9;40
40;245
537;533
786;533
975;339
281;62
645;834
255;95
687;950
471;65
136;251
328;422
2;511
758;836
359;363
135;165
774;776
312;813
394;253
75;575
254;266
36;290
630;129
34;555
924;672
807;601
64;99
87;90
799;506
230;910
556;233
423;784
291;307
255;93
306;809
138;215
4;276
430;414
410;418
95;315
189;1
340;459
149;203
507;141
8;195
259;775
324;74
720;720
308;798
346;96
6;349
505;515
820;760
269;16
524;956
578;773
6;531
37;705
86;47
75;400
252;814
158;156
156;910
65;174
53;129
500;320
193;131
601;118
808;510
96;353
22;16
50;297
779;523
570;742
591;510
117;39
665;164
598;817
595;113
858;296
367;322
237;620
566;85
911;31
636;741
830;703
938;469
2;152
569;812
949;742
156;803
896;192
699;531
141;205
144;361
551;802
55;24
290;259
911;295
411;286
173;172
129;129
636;137
797;551
201;127
574;535
501;142
241;248
568;599
783;883
8;39
129;49
331;397
551;504
660;584
509;509
625;1
173;130
582;600
666;780
368;301
716;716
328;8
851;133
155;153
805;686
260;300
644;689
74;951
600;827
928;422
423;704
556;503
523;341
327;65
269;16
687;690
425;675
840;331
141;125
366;975
66;330
572;564
559;583
547;705
0;524
84;522
211;68
145;625
267;313
330;62
109;111
258;196
63;3
924;651
982;971
63;571
578;633
437;468
85;210
3;3
27;173
713;572
559;62
175;142
748;873
105;13
220;415
443;457
965;20
604;228
198;198
188;271
642;669
156;898
583;392
783;285
53;45
432;430
755;94
639;917
324;399
197;195
651;537
306;49
67;344
438;694
419;158
410;310
79;641
694;655
86;329
40;15
496;555
37;418
396;391
288;282
691;816
297;25
111;86
258;909
10;509
673;643
26;515
907;157
465;593
371;141
587;400
814;830
484;972
425;409
336;340
566;76
457;335
8;351
849;756
578;16
651;244
789;918
594;6
197;72
650;75
383;774
671;727
82;887
344;267
138;171
303;799
464;354
133;602
150;205
178;184
579;500
168;180
32;165
517;141
305;256
363;855
547;524
7;138
660;281
125;297
787;72
603;166
0;282
316;406
181;97
870;620
254;388
710;687
500;270
573;696
32;43
584;16
3;189
474;724
197;109
2;99
451;418
926;928
421;908
633;529
914;910
28;137
383;133
718;500
274;781
589;328
281;281
264;443
204;873
511;595
765;318
188;213
518;18
630;630
484;423
284;542
771;552
626;633
144;642
144;312
818;754
653;465
378;171
578;562
517;525
0;102
410;284
350;251
976;132
431;150
72;135
328;268
282;23
35;289
578;777
345;253
541;104
82;443
900;779
620;542
197;195
38;158
0;0
788;108
432;498
205;245
437;437
545;3
797;774
230;260
797;674
639;70
307;277
707;722
913;770
543;621
512;407
110;47
414;369
941;879
110;89
781;880
72;70
637;680
313;754
160;349
4;109
336;510
328;78
64;312
166;10
258;276
232;787
826;917
654;127
193;693
207;207
0;457
545;412
757;507
505;21
133;587
263;9
587;595
880;988
582;593
81;97
125;568
512;792
718;734
520;268
645;613
689;937
35;270
648;255
213;459
500;262
422;255
621;705
443;162
758;819
37;912
621;622
454;813
343;251
187;203
760;394
509;138
786;781
500;898
2;2
154;215
271;273
799;757
469;468
105;163
36;6
407;173
837;837
86;203
150;680
218;312
767;696
445;189
338;340
562;626
291;49
90;192
92;78
70;133
399;70
129;695
328;446
337;586
990;545
937;945
792;96
637;627
682;213
90;630
687;597
761;41
711;893
500;692
477;258
380;66
660;662
938;344
251;63
577;127
838;197
443;397
385;378
516;22
930;905
783;774
656;878
94;96
274;137
565;68
876;437
98;97
756;273
379;379
396;892
182;537
6;39
167;138
880;132
916;139
43;355
886;963
446;392
314;255
39;291
134;634
371;449
148;273
661;630
12;0
36;294
955;945
321;267
977;229
1;751
287;301
383;195
112;27
469;938
37;55
0;222
406;908
222;164
432;809
985;705
687;562
93;107
236;172
141;78
230;74
808;808
171;356
760;762
426;422
250;359
788;660
168;146
32;42
132;130
793;778
23;27
2;8
510;580
433;453
329;12
312;490
41;783
546;186
184;278
289;982
104;69
788;762
469;223
548;56
680;683
32;286
203;360
291;96
377;882
474;108
426;485
384;890
512;510
785;764
256;6
51;114
453;81
604;732
537;800
4;4
101;95
602;484
409;228
581;517
425;886
644;753
182;183
175;425
359;101
447;650
657;661
578;531
219;727
751;753
649;949
723;862
624;550
659;128
437;949
377;168
33;283
673;516
763;380
30;91
225;219
563;64
789;628
254;762
28;24
275;275
658;162
235;209
77;543
510;752
139;995
142;192
16;517
383;539
563;375
24;16
558;527
257;46
113;582
67;235
244;589
347;355
140;421
782;347
281;910
517;681
530;217
155;381
111;119
125;157
424;375
628;519
262;528
972;675
146;248
595;593
3;5
849;59
391;649
149;717
343;408
129;627
85;580
651;136
78;457
191;130
31;301
2;533
501;659
842;443
369;772
10;26
31;98
539;885
267;303
75;15
427;923
397;285
774;965
798;547
741;755
493;985
753;16
0;0
10;9
287;416
770;801
94;688
75;67
274;258
849;845
465;468
658;146
98;281
264;322
351;593
766;641
178;38
562;508
465;970
574;312
564;533
494;120
539;539
383;271
353;303
630;192
12;6
19;27
219;579
762;291
375;2
588;830
969;923
204;705
423;664
673;48
53;47
905;905
20;31
180;932
674;937
52;37
470;229
281;172
800;251
751;563
1;438
83;29
343;298
272;179
541;784
552;175
90;563
383;753
533;385
564;503
518;512
24;437
448;321
129;127
78;22
47;41
754;565
816;535
683;667
699;149
109;834
0;62
79;267
971;383
111;343
197;189
446;884
2;644
359;48
765;202
818;817
701;726
102;729
27;514
507;565
465;256
547;617
94;501
84;256
33;95
334;514
518;656
257;376
149;243
33;63
73;819
968;476
38;411
401;26
178;157
757;502
254;82
33;814
758;258
5;582
687;752
750;263
31;0
410;855
267;484
887;918
289;250
125;125
333;591
74;381
988;422
776;523
579;533
547;547
2;111
258;86
295;3
31;31
764;754
40;102
771;67
566;766
252;6
626;12
794;290
162;660
78;187
173;48
156;351
401;276
403;395
27;19
321;774
310;53
968;835
489;160
125;187
324;318
962;777
30;518
307;144
477;415
110;109
70;707
69;193
964;993
840;865
84;273
382;252
534;604
0;258
133;192
1;9
784;882
3;320
518;505
349;281
570;588
881;877
215;217
195;564
81;5
851;312
298;17
8;531
558;33
46;58
758;775
385;156
610;601
781;752
250;375
54;58
150;181
129;161
798;270
146;395
9;177
299;270
4;187
103;96
288;266
879;766
153;403
170;674
508;656
14;325
766;644
501;569
513;4
317;316
313;0
554;89
453;207
252;870
218;566
429;428
806;801
452;192
185;406
129;588
703;643
53;174
338;318
759;759
132;17
322;73
898;943
703;805
316;12
832;802
586;502
167;133
695;699
767;1
562;187
10;119
52;14
645;183
190;141
875;689
140;15
306;286
523;561
635;150
138;136
69;940
254;420
805;367
82;328
173;181
204;497
173;435
595;905
812;816
23;147
260;376
44;71
660;500
218;316
62;93
31;31
455;406
141;664
234;812
164;3
536;503
720;986
359;47
20;365
151;125
97;93
830;334
36;17
626;625
471;440
379;140
766;336
567;574
777;588
383;389
234;718
219;223
573;11
454;781
647;647
8;556
159;50
35;156
208;707
395;266
488;474
288;837
32;672
575;587
223;91
319;263
546;858
279;20
946;587
527;312
191;187
145;153
37;145
32;665
40;50
246;424
242;224
324;965
795;783
399;316
284;286
257;257
448;331
687;844
357;14
674;49
678;172
686;611
328;250
2;332
511;855
337;571
40;9
379;30
305;493
572;752
329;751
464;562
158;53
625;667
78;78
134;784
404;255
47;174
83;208
200;77
298;281
891;899
18;706
502;50
465;216
535;47
669;646
31;289
78;2
98;71
302;304
625;899
619;885
633;155
312;816
531;518
229;188
827;278
695;88
2;72
184;722
527;89
94;660
950;888
104;64
423;888
999;98
66;87
949;316
132;279
532;290
767;781
281;906
128;444
691;614
562;10
381;6
226;134
188;102
377;510
164;915
195;93
520;520
169;131
344;157
150;106
720;226
25;501
405;835
71;97
282;290
719;619
765;827
789;793
75;9
32;542
173;391
212;88
609;578
218;688
47;504
590;838
819;759
127;125
215;137
93;611
450;74
133;12
278;900
566;74
301;145
506;625
859;953
152;267
573;839
441;141
540;532
833;520
916;283
189;628
235;344
491;190
55;277
443;312
547;838
797;867
908;882
93;208
252;131
200;25
349;131
653;59
691;125
549;55
394;894
933;741
981;497
504;16
217;244
5;261
64;0
512;26
155;637
10;959
877;814
771;756
736;99
723;97
725;536
383;293
81;290
204;110
7;177
9;513
955;377
323;439
783;31
493;931
680;555
139;383
177;114
564;359
378;983
383;633
392;891
564;189
43;387
399;281
736;236
723;661
701;748
57;52
244;800
409;379
193;443
552;587
250;285
155;405
197;633
315;642
161;93
61;15
216;573
364;364
685;157
543;98
153;137
254;767
184;30
281;321
147;460
455;19
947;574
35;351
939;250
61;184
523;990
71;86
587;151
656;219
758;758
775;781
562;578
564;568
343;418
158;537
521;194
739;719
700;200
24;67
156;156
16;78
129;520
571;566
131;399
530;28
700;864
792;509
466;310
0;24
852;759
33;156
197;916
197;505
12;23
656;629
281;422
708;692
510;584
769;753
315;194
462;325
634;290
65;63
312;562
206;206
62;93
73;11
537;502
33;500
537;852
398;141
159;162
959;842
512;633
325;380
454;453
851;3
818;751
274;291
394;151
566;250
506;506
256;23
689;611
165;476
820;703
539;672
562;552
189;470
102;410
361;755
9;1
251;2
784;267
941;707
329;641
684;508
695;218
2;41
198;257
89;150
188;3
935;293
942;960
170;424
125;906
399;883
45;53
375;340
340;51
702;608
951;785
3;315
285;310
292;543
773;264
502;502
22;68
469;882
39;562
503;511
139;174
594;571
93;94
830;619
252;751
87;25
376;375
31;593
33;54
193;443
13;274
101;502
262;543
565;69
133;134
156;656
62;62
285;66
48;379
56;14
211;26
14;44
52;540
799;785
256;334
9;261
31;674
961;539
575;501
512;508
22;678
654;533
531;106
187;109
515;510
5;81
472;348
203;149
957;340
445;508
343;848
408;410
534;581
528;525
232;443
187;144
232;221
358;850
1;3
130;126
644;152
1;1
14;289
127;158
848;328
766;18
509;110
726;568
211;195
317;329
644;141
553;92
132;143
775;312
813;812
501;261
814;80
885;535
920;434
531;112
96;557
161;36
463;153
32;25
380;913
349;99
150;329
95;111
503;503
275;281
730;545
408;417
472;255
489;242
780;686
641;625
60;56
636;763
303;6
500;250
62;652
85;5
20;18
237;475
57;994
543;592
752;269
554;538
472;997
380;138
567;605
8;138
578;750
21;4
776;24
670;660
760;342
516;203
899;645
588;193
117;448
262;262
218;547
105;37
569;154
294;765
321;315
93;109
720;706
79;193
101;102
133;602
598;725
552;661
914;548
312;863
39;107
492;445
61;687
31;252
855;603
625;665
389;288
284;534
632;692
32;568
500;375
520;653
878;697
471;345
281;912
528;547
12;129
324;410
206;149
246;164
126;376
310;255
656;166
50;424
1;8
322;72
533;534
101;125
323;501
882;824
575;950
165;231
48;48
5;13
146;146
166;167
187;445
312;188
644;899
494;326
156;578
205;143
650;643
138;539
520;647
156;406
359;468
64;99
531;406
463;405
129;379
205;315
512;566
639;906
203;149
188;290
580;703
673;173
638;384
626;759
128;407
145;133
566;597
378;659
137;407
